scenario,architecture,mix,runs,ideas,useful_mean,useful_lo,useful_hi,release_rate,intent,defects,completion,cost_useful,mean_lead,mean_active,peak_active,end_to_end,intent_lo,intent_hi,defects_lo,defects_hi,passes_point_floors,passes_conservative_floors
constrained,evidence_graph,0/12/0,24,768,89.00281778255521,83.1235786043622,94.88205696074823,142.42955895226814,0.9036502546689303,0.9015280135823429,0.7669270833333334,0.9594254323499408,6.451478821357901,,,0.0,0.8934557715276987,0.9144410118747193,0.8400605975437342,0.9666081577086592,False,False
constrained,evidence_graph,10/2/0,24,768,189.48758968699258,179.81920279788432,199.15597657610084,223.06238750905334,0.980301914580265,0.44035346097201766,0.8841145833333334,2.9689478042442823,4.822296375384267,,,0.0,0.9750375236553122,0.985014619883041,0.39999273255813955,0.4831130690161527,False,False
constrained,evidence_graph,12/0/0,24,768,149.03474813614275,142.40188136677102,155.66761490551448,165.84646586215806,0.9860529986052998,0.26359832635983266,0.93359375,3.5855192239038067,7.0623135536568284,,,0.0,0.9829859081270059,0.9891759776536313,0.23097937430386833,0.2971840766823161,False,False
constrained,evidence_graph,4/7/1,24,768,220.8955598267394,207.30848605757464,234.48263359590416,289.51044721308784,0.9614319620253164,0.6787974683544303,0.8229166666666666,2.578749777086593,3.3501115395005634,,,0.0,0.9555866903274081,0.9672427652733119,0.6122401665457528,0.7415757046955964,False,False
constrained,evidence_graph,6/3/3,24,768,212.71216769924231,202.9610766385357,222.46325875994893,276.16684137905105,0.9644216133942162,0.684931506849315,0.85546875,2.6610172332015987,3.706046999758577,,,0.0,0.958966493500223,0.969498502994012,0.6399969088098918,0.7292899408284024,False,False
constrained,evidence_graph,6/5/1,24,768,225.9625907825051,214.19560355891474,237.72957800609544,293.585119893524,0.9650157232704403,0.6462264150943396,0.828125,2.5687421859040014,3.3833595239526173,,,0.0,0.9598563784257242,0.9700461289586431,0.5757563808431316,0.7232059374999998,False,False
constrained,evidence_graph,8/4/0,24,768,228.31866947026117,217.50631923200604,239.1310197085163,282.3320887438422,0.9697368421052631,0.5323308270676692,0.8658854166666666,2.614864636131152,3.6969092359232456,,,0.0,0.9642021943302065,0.9750758744884616,0.46996770867252796,0.5963594793034697,False,False
constrained,institutions,0/12/0,24,768,77.8902480634723,72.67442066284318,83.10607546410142,121.49336120275898,0.9109492481203008,0.9041353383458647,0.6927083333333334,1.1249541956760696,6.711043592317144,,,0.0,0.9026987940062389,0.9184266499404204,0.8162373410845257,0.9944042782850995,False,False
constrained,institutions,10/2/0,24,768,158.7560576873648,148.19518438902787,169.31693098570173,187.39479005655497,0.9803165584415584,0.44805194805194803,0.8020833333333334,3.6653602680708715,4.976735102588992,,,0.0,0.9766128715256643,0.9841173275285727,0.3919349194802588,0.5129032258064516,False,False
constrained,institutions,12/0/0,24,768,124.77838327424429,118.77116675140945,130.78559979707913,139.26628469428078,0.9899553571428571,0.34523809523809523,0.875,4.4431906351183725,7.5619496550711744,,,0.0,0.9869515120250066,0.992820324005891,0.3066661631419939,0.38415567507857395,False,False
constrained,institutions,4/7/1,24,768,185.10582926070774,176.90989898244254,193.30175953897293,244.34200275507155,0.9645034843205574,0.764808362369338,0.7473958333333334,3.15752674311928,3.4849391150393645,,,0.0,0.9578969757508955,0.9707542492007465,0.7020905923344948,0.8304195804195804,False,False
constrained,institutions,6/3/3,24,768,160.342995693997,150.40398076042885,170.28201062756517,209.4103926958104,0.9641560798548094,0.7404718693284936,0.7174479166666666,3.603010284360206,3.9112409745310557,,,0.0,0.9589449541284404,0.9689798219635076,0.6757728973627941,0.8062157221206582,False,False
constrained,institutions,6/5/1,24,768,184.9213279779166,171.63841809807096,198.20423785776225,244.8509897225997,0.960387323943662,0.7570422535211268,0.7395833333333334,3.1952880396155114,3.430860831309107,,,0.0,0.9526836978836688,0.9676873758352899,0.6881720430107527,0.8278335597826085,False,False
constrained,institutions,8/4/0,24,768,192.46322577430306,182.27908866846877,202.64736288013734,238.9816596170101,0.9720812182741116,0.6006768189509306,0.76953125,3.2080043605870165,3.791376760869611,,,0.0,0.96639536926415,0.9774484536082474,0.5334476126826414,0.6700008417508417,False,False
unlimited,evidence_graph,0/12/0,24,768,246.26375477539702,232.59316938586943,259.9343401649246,400.03295438590294,0.901844262295082,0.9688524590163935,0.7942708333333334,0.9344005328005248,2.309508284278203,,,0.0,0.8944032408755582,0.9094625411802716,0.8874388254486134,1.044454595791805,False,False
unlimited,evidence_graph,10/2/0,24,768,386.1014424579421,368.6585560397256,403.54432887615854,437.5576455484618,0.9837034383954155,0.3108882521489971,0.9088541666666666,3.241798741627793,2.470464799761096,,,0.0,0.9803092092536844,0.9869380639868744,0.2698412698412698,0.35135328185328185,False,False
unlimited,evidence_graph,12/0/0,24,768,410.6481547578367,392.97115481083455,428.3251547048389,459.6049569849563,0.9862637362637363,0.26785714285714285,0.9479166666666666,3.475464821222647,2.4228512355949197,,,0.0,0.9828363384188626,0.9894270122783083,0.22950819672131148,0.31044190932186827,False,False
unlimited,evidence_graph,4/7/1,24,768,269.0885070796225,255.29919453162967,282.87781962761534,364.7126366975411,0.9554455445544554,0.7491749174917491,0.7890625,2.2454590550740994,2.493879129820638,,,0.0,0.9496268656716418,0.9613790387275635,0.6732993448598592,0.8282840909090909,False,False
unlimited,evidence_graph,6/3/3,24,768,261.36067555998716,244.28053227993607,278.4408188400383,354.94950817899553,0.9607723577235773,0.808130081300813,0.80078125,2.9759289527493955,2.6360455186255716,,,0.0,0.953755500860206,0.9679276315789473,0.7488,0.8733557971633629,False,False
unlimited,evidence_graph,6/5/1,24,768,306.67735895597883,288.139691378091,325.21502653386665,390.79811971161325,0.9681783536585366,0.6234756097560976,0.8541666666666666,2.631454453618279,2.5603612837580036,,,0.0,0.9623859742626365,0.9739097011731358,0.5740414683081453,0.6692076088783475,False,False
unlimited,evidence_graph,8/4/0,24,768,351.5525381312921,337.38756278134326,365.717513481241,417.30150086044955,0.9787701317715959,0.4216691068814056,0.8893229166666666,2.9104722849696114,2.494788692236526,,,0.0,0.9751097897123667,0.9824784094025569,0.3711779138342412,0.4725466077816958,False,False
unlimited,institutions,0/12/0,24,768,202.75348388550893,184.19034881822392,221.31661895279393,319.80796639875234,0.9051966292134831,0.9644194756554307,0.6953125,1.1541029922423331,2.3217368468799626,,,0.0,0.8962073659698148,0.9136799663205687,0.8795581504001734,1.05893194756633,False,False
unlimited,institutions,10/2/0,24,768,328.5805343120623,310.5913857613251,346.5696828627995,379.2757235270156,0.9845399698340875,0.42684766214177977,0.86328125,3.8653440000000407,2.536489896194373,,,0.0,0.9813708845254341,0.9876475478247047,0.37538449848024313,0.4787894809118374,False,False
unlimited,institutions,12/0/0,24,768,338.57434894733655,322.49760333525364,354.65109455941945,378.4515386079573,0.9885338345864662,0.32030075187969925,0.8658854166666666,4.34142971212446,2.5244487634595782,,,0.0,0.9859018017741232,0.9911122872398773,0.2777756702073849,0.3661146087031245,False,False
unlimited,institutions,4/7/1,24,768,217.5336111702011,204.68541683148797,230.38180550891425,297.50276356948837,0.9461645101663586,0.7781885397412199,0.7044270833333334,2.844970252525268,2.557180568363924,,,0.0,0.9368252934149032,0.9558128544423441,0.6906604106961175,0.8623870263633573,False,False
unlimited,institutions,6/3/3,24,768,204.1966772393655,187.7395761782911,220.6537783004399,282.5941237744581,0.953268876611418,0.8692449355432781,0.70703125,3.807086743295035,2.782171249546886,,,0.0,0.9478967220746973,0.9586449481476247,0.7912885662431942,0.9503727144374859,False,False
unlimited,institutions,6/5/1,24,768,238.60923973095566,222.00078725874727,255.21769220316406,305.5353860461082,0.9672095070422535,0.6672535211267606,0.7395833333333334,3.4083817535946013,2.651318911151551,,,0.0,0.9612830355425164,0.9730138169257341,0.5900143255779227,0.7573149741824441,False,False
unlimited,institutions,8/4/0,24,768,295.464522640938,279.1673926534556,311.76165262842045,351.769374304741,0.9805246422893482,0.4944356120826709,0.8190104166666666,3.598312603452377,2.657971333219268,,,0.0,0.9774167987321711,0.9834144919194826,0.4396086488258294,0.5518937959962446,False,False
