scenario,first,second,seeds,difference,difference_lo,difference_hi,gain,gain_lo,gain_hi,architecture,target
reference,evidence_graph,institutions,24,42.316034532024915,26.83468443116655,57.79738463288328,0.1969839896875305,0.13006536289571538,0.27154831278134706,,
equal_controls,evidence_graph,institutions,24,38.41953353411653,17.078299097617894,59.76076797061517,0.17884551520905445,0.08469637016945189,0.28478580531081144,,
dense_dependencies,evidence_graph,institutions,24,55.445144723429216,41.13874594668992,69.75154350016851,0.7438484196751574,0.5234929586660635,1.0227353420705245,,
interface_errors,evidence_graph,institutions,24,59.92844937127622,40.12366516910358,79.73323357344887,0.40614824151804707,0.2737331416149588,0.5511462252264492,,
steady,full_pool,fixed_small,24,123.89848162568391,114.30948367887129,133.48747957249654,1.5840758309445175,1.4434074341370904,1.7377211859304895,institutions,
steady,queue_autoscale,fixed_small,24,118.21338832118268,107.3966333280326,129.03014331433275,1.5113903647292637,1.3660738844033575,1.667620081806744,institutions,
steady,work_autoscale,fixed_small,24,72.99969322500299,64.42234392488066,81.57704252512531,0.9333209591175506,0.8169445410596182,1.0558410404872514,institutions,
steady,work_autoscale,full_pool,24,-50.89878840068093,-62.453168617655095,-39.34440818370676,-0.2518327303069533,-0.29649835189078677,-0.20367742849502438,institutions,
bursts,full_pool,fixed_small,24,111.77801887090232,100.76914361054654,122.7868941312581,1.4342012066282686,1.2710055657781576,1.6205268695893515,institutions,
bursts,queue_autoscale,fixed_small,24,115.77064017738519,104.29540815220855,127.24587220256183,1.4854297250186415,1.28900338666855,1.6868569523993033,institutions,
bursts,work_autoscale,fixed_small,24,66.69834518160508,58.656196373253294,74.74049398995686,0.8557930092681967,0.7309431824357983,0.9938803725176373,institutions,
bursts,work_autoscale,full_pool,24,-45.07967368929724,-57.03190460406462,-33.127442774529854,-0.23761725028526037,-0.28207289437217153,-0.18451336926389184,institutions,
bursts_variable_work,full_pool,fixed_small,24,118.97114896028329,108.78416492383083,129.15813299673576,1.4811513659854727,1.3396637016037818,1.6183390464381846,institutions,
bursts_variable_work,queue_autoscale,fixed_small,24,103.93670918877972,94.76288960352913,113.1105287740303,1.2939775747008082,1.1599975004967447,1.442006246237061,institutions,
bursts_variable_work,work_autoscale,fixed_small,24,61.97086416591267,55.22981039110158,68.71191794072377,0.7715167157146967,0.6722213001360944,0.8791447176337203,institutions,
bursts_variable_work,work_autoscale,full_pool,24,-57.00028479437061,-68.05732843691513,-45.94324115182609,-0.2860102208995704,-0.32348960930114645,-0.24561791591955723,institutions,
dense_bursts,full_pool,fixed_small,24,13.598910231625865,9.843495795039004,17.354324668212726,1.6473890909143365,1.1929569686495378,2.226688270803759,institutions,
dense_bursts,queue_autoscale,fixed_small,24,13.038800821082726,9.553921803447203,16.523679838718248,1.5795367323848026,1.1121092674287552,2.143180419936373,institutions,
dense_bursts,work_autoscale,fixed_small,24,3.895788445564714,1.37035938686041,6.421217504269018,0.47194071263209736,0.18328639576020048,0.8014474684306311,institutions,
dense_bursts,work_autoscale,full_pool,24,-9.703121786061152,-13.682212415970799,-5.724031156151503,-0.44400287903138225,-0.5537329233800758,-0.3067425443428814,institutions,
steady,full_pool,fixed_small,24,144.51557518852943,133.5534546769423,155.47769570011656,1.5252592441932649,1.4025156028952213,1.647565116322211,evidence_graph,
steady,queue_autoscale,fixed_small,24,135.93648789471283,128.78061822968323,143.09235755974242,1.434713071681657,1.3532882994990747,1.5259817550207007,evidence_graph,
steady,work_autoscale,fixed_small,24,94.83562390511611,86.73427196240124,102.93697584783098,1.0009226469286148,0.9012584502447478,1.0994671563602887,evidence_graph,
steady,work_autoscale,full_pool,24,-49.67995128341332,-60.13421911034373,-39.225683456482905,-0.20763674005761656,-0.23997421809387512,-0.17275728250357603,evidence_graph,
bursts,full_pool,fixed_small,24,125.98992777222729,119.23298462154719,132.7468709229074,1.3042675107744026,1.1871456146830484,1.4258294572100378,evidence_graph,
bursts,queue_autoscale,fixed_small,24,130.59212178735368,123.93804746680635,137.246196107901,1.3519101456925005,1.23927968083502,1.4703380106171287,evidence_graph,
bursts,work_autoscale,fixed_small,24,93.71273307636572,85.35087563725425,102.0745905154772,0.9701289242608855,0.8578328171434609,1.085146478394876,evidence_graph,
bursts,work_autoscale,full_pool,24,-32.27719469586158,-41.06220219696448,-23.49218719475868,-0.14500859164621127,-0.18070991852355503,-0.1108524822605461,evidence_graph,
bursts_variable_work,full_pool,fixed_small,24,135.21777142930793,126.1606933236043,144.27484953501155,1.4022568567123401,1.2799653694751632,1.523836915903147,evidence_graph,
bursts_variable_work,queue_autoscale,fixed_small,24,127.9078718021491,116.77217640849832,139.04356719579988,1.3264505720375386,1.2044842812492158,1.4501255459457136,evidence_graph,
bursts_variable_work,work_autoscale,fixed_small,24,87.46920762145749,79.95165364626547,94.9867615966495,0.907087099882488,0.8147414686739322,1.0062775156868033,evidence_graph,
bursts_variable_work,work_autoscale,full_pool,24,-47.74856380785044,-56.524196745637674,-38.9729308700632,-0.20612689914746563,-0.23639481587447195,-0.17372561185390156,evidence_graph,
dense_bursts,full_pool,fixed_small,24,35.85299349636687,29.79862629439029,41.90736069834345,1.4945253715223759,1.1845726609832616,1.897452452340112,evidence_graph,
dense_bursts,queue_autoscale,fixed_small,24,28.40864691542714,22.719630658062343,34.09766317279194,1.184209167639771,0.9187858263200335,1.5095043322477153,evidence_graph,
dense_bursts,work_autoscale,fixed_small,24,6.007342199675281,0.9842269580150047,11.030457441335557,0.2504149432805809,0.05690985679988467,0.4827742025607045,evidence_graph,
dense_bursts,work_autoscale,full_pool,24,-29.845651296691585,-36.3827927655247,-23.308509827858476,-0.49873632974217086,-0.56875033446656,-0.4199586037034091,evidence_graph,
controller_threshold,work_0.1,full_pool,24,-9.779674122854223,-23.39936836274994,3.8400201170414956,-0.048498894678752125,-0.1075240839445306,0.014280702628684878,institutions,0.1
controller_threshold,work_0.25,full_pool,24,-21.2164563231462,-34.64753455926868,-7.785378087023727,-0.10521564090443392,-0.16061883430226942,-0.044579171742547614,institutions,0.25
controller_threshold,work_0.5,full_pool,24,-63.39344104665031,-76.67764185416607,-50.10924023913456,-0.3143777371334209,-0.36369558031361204,-0.26541240197896726,institutions,0.5
controller_threshold,work_1.0,full_pool,24,-105.82660605849783,-116.02698717084463,-95.62622494615103,-0.5248102704615445,-0.5502855374190817,-0.4975467578809354,institutions,1.0
controller_threshold,work_0.1,full_pool,24,-7.994862991294133,-22.203435601098434,6.213709618510166,-0.0338480819283723,-0.08778198471960735,0.022846255297063103,evidence_graph,0.1
controller_threshold,work_0.25,full_pool,24,-16.423285411151625,-25.59866885949462,-7.24790196280863,-0.06953173690844139,-0.10168638184586054,-0.03314053828619145,evidence_graph,0.25
controller_threshold,work_0.5,full_pool,24,-56.30483770279466,-65.96361926459215,-46.64605614099715,-0.2383794145819872,-0.2684334157754464,-0.20508058873610888,evidence_graph,0.5
controller_threshold,work_1.0,full_pool,24,-118.650689669239,-129.3753463143414,-107.92603302413657,-0.5023348454070471,-0.5268744899594133,-0.47589422912232104,evidence_graph,1.0
